task_id,label_id
3,239
4,9
4,169
5,279
6,282
6,142
7,66
7,284
8,166
8,145
9,248
9,290
11,4
11,296
12,268
12,291
15,52
17,113
17,106
18,190
19,178
19,10
21,164
24,26
26,13
28,90
29,5
31,38
32,229
33,156
37,91
38,146
38,19
39,280
40,262
41,131
42,161
42,156
44,254
45,160
45,3
46,268
47,291
47,5
48,219
48,74
49,257
49,264
50,142
51,119
53,108
55,101
55,93
56,95
57,124
57,41
59,50
61,28
61,51
63,134
65,250
65,294
66,204
67,273
69,262
69,44
71,122
72,214
73,144
74,281
75,248
77,60
79,295
81,153
81,139
82,243
82,260
84,111
84,285
86,188
86,5
87,82
87,9
88,216
88,156
90,298
90,190
91,85
91,296
92,70
92,27
95,179
96,120
96,91
97,97
101,69
101,80
102,144
105,266
105,284
109,13
110,284
110,250
111,78
111,179
112,140
114,290
114,259
115,11
115,23
117,132
117,224
118,210
119,121
121,149
122,34
122,23
125,250
125,169
126,43
126,79
127,257
127,232
128,202
129,43
132,120
133,192
134,109
134,19
136,64
137,286
137,284
139,126
140,119
141,293
141,173
142,294
142,40
145,111
147,149
149,19
150,264
150,243
151,33
151,45
152,294
153,6
156,32
157,296
158,160
160,5
161,135
161,122
165,54
166,113
166,276
167,132
170,54
170,192
171,49
171,22
173,247
174,14
174,204
175,138
175,111
176,115
177,210
179,32
179,43
180,89
180,83
181,90
182,120
184,89
184,119
185,16
185,138
187,251
187,101
188,238
188,103
190,75
190,222
191,283
191,265
192,47
192,64
193,239
195,85
195,189
196,252
196,82
197,145
197,136
200,203
200,17
201,23
201,157
202,3
202,40
203,151
205,100
205,202
206,163
206,196
207,121
208,48
211,107
213,1
214,187
215,243
215,117
217,272
217,292
218,50
219,84
219,89
220,67
220,53
221,170
222,6
222,141
224,1
224,235
231,204
231,232
234,64
235,180
236,299
237,111
237,110
238,187
238,244
239,253
239,198
240,215
240,185
241,82
241,160
244,295
245,10
247,124
248,19
249,45
249,4
252,140
252,188
253,136
254,37
255,16
256,119
257,300
257,243
258,200
259,168
259,189
260,33
260,114
263,216
264,22
264,277
265,28
265,182
266,19
266,144
267,252
267,61
268,182
269,24
270,64
270,162
271,114
271,201
272,281
272,199
273,136
273,118
274,263
274,50
275,171
275,224
276,33
276,85
277,20
277,138
278,180
278,238
279,176
280,87
281,19
281,245
282,288
284,189
286,227
286,210
288,256
288,193
289,173
289,110
290,246
290,267
291,92
291,254
293,76
293,104
295,161
296,37
296,225
297,81
298,222
299,158
300,68
301,146
304,172
304,200
305,78
305,66
308,75
309,170
309,79
311,217
312,248
313,229
315,224
316,66
317,98
318,215
319,241
320,228
320,184
321,299
321,288
322,82
322,268
325,56
326,263
327,187
328,48
329,265
329,215
330,10
330,120
332,144
336,55
337,106
337,76
338,25
339,54
340,199
341,252
342,94
343,37
343,136
345,58
346,80
347,150
348,254
350,165
351,64
352,47
352,188
353,236
354,183
354,184
358,137
359,228
359,183
360,200
360,89
361,279
362,268
364,265
365,84
367,279
367,184
368,116
368,42
369,68
369,27
370,220
370,46
371,88
371,94
372,41
372,145
373,224
373,132
374,189
375,297
376,191
376,117
378,297
379,59
381,174
382,285
384,294
384,232
385,268
386,198
388,253
390,63
392,198
392,63
395,188
395,2
398,30
398,285
399,268
400,63
401,240
401,201
402,141
402,18
403,85
406,269
407,276
410,29
411,263
412,138
413,104
414,106
415,116
416,141
416,95
417,266
417,270
418,212
418,122
419,214
419,26
420,97
420,204
421,226
421,129
422,42
423,287
424,299
425,217
427,182
428,54
428,132
429,72
430,7
431,264
431,146
432,157
432,296
435,2
435,60
437,11
437,99
439,161
441,163
446,57
446,93
448,4
448,14
449,285
450,180
450,165
451,278
451,32
452,218
452,142
453,231
453,100
454,21
454,77
455,99
455,200
456,282
457,230
458,171
458,163
460,43
461,248
462,253
462,150
463,297
464,101
464,51
465,293
466,56
466,23
467,80
468,146
469,21
469,207
470,10
471,89
471,281
472,288
473,82
474,22
474,29
476,213
478,39
479,133
483,91
484,50
484,214
485,173
485,109
487,10
488,37
489,63
490,28
492,11
492,104
493,274
494,30
494,154
495,255
498,19
498,171
502,286
502,193
504,206
505,13
505,244
506,47
508,56
508,51
509,288
510,276
510,113
511,173
511,113
512,284
512,3
513,82
515,107
516,43
516,125
518,229
519,151
519,229
520,271
520,19
521,244
522,47
523,81
523,124
527,207
527,208
528,237
529,178
530,99
530,142
531,222
531,176
532,9
532,85
533,11
534,80
535,31
538,136
538,209
539,156
540,219
541,144
542,22
542,198
544,289
545,8
546,147
548,189
549,295
549,171
551,4
551,59
552,269
553,51
555,137
556,205
559,264
560,215
563,46
563,291
564,58
565,49
566,151
567,170
568,259
568,211
569,256
570,276
571,139
572,48
573,112
574,63
575,111
577,113
579,254
581,273
581,298
582,191
583,158
583,138
584,62
586,255
588,214
589,13
589,146
590,10
590,28
591,41
591,103
592,291
593,85
593,203
594,121
594,35
595,216
595,45
596,114
596,180
597,115
598,9
601,191
601,72
602,226
602,84
603,149
604,42
605,231
606,84
608,160
608,76
609,200
610,140
611,146
611,107
612,240
612,221
614,49
614,162
615,209
616,10
619,12
620,36
622,19
623,187
624,110
625,174
625,147
626,288
627,95
627,120
628,218
628,237
629,33
629,143
634,231
634,138
637,164
639,105
641,239
641,266
642,85
645,298
645,242
646,78
646,174
647,247
648,126
648,297
651,186
652,93
652,258
653,291
654,110
655,126
656,24
656,243
657,237
657,41
658,200
659,197
661,27
663,253
664,27
665,253
665,156
667,57
667,79
668,84
668,277
669,117
671,164
671,230
674,181
675,138
675,88
676,94
676,16
677,292
678,107
678,9
679,53
679,296
680,269
680,238
681,180
683,138
683,109
684,182
684,265
687,88
689,222
689,233
691,218
692,283
692,175
693,108
693,153
694,4
694,281
696,33
696,20
697,78
697,213
698,75
698,258
701,167
702,154
702,117
703,181
704,187
704,214
706,225
706,126
707,86
708,290
708,108
709,69
710,62
713,12
714,218
716,107
719,194
719,174
721,215
723,203
723,96
724,61
725,170
726,130
727,220
727,94
728,143
728,53
729,142
731,164
731,109
732,16
733,233
733,147
734,55
734,46
735,189
735,109
736,34
736,183
737,220
737,9
738,258
738,14
740,132
741,102
741,2
742,90
743,172
743,75
744,88
744,120
745,173
745,187
747,260
747,134
749,270
750,172
750,198
753,201
753,66
754,273
757,194
757,247
759,242
759,111
760,279
760,138
761,141
763,286
763,165
764,239
765,62
765,192
767,169
768,202
769,223
770,159
770,214
771,122
772,248
773,195
774,45
775,78
777,226
778,273
778,207
779,178
780,51
780,235
781,147
782,253
785,138
786,87
787,100
787,136
789,52
790,246
790,160
791,59
791,130
792,5
792,239
793,171
793,202
794,284
794,194
795,143
797,283
798,119
799,147
799,290
801,265
801,58
803,233
803,113
805,14
805,270
806,250
807,294
807,298
809,196
810,171
815,209
817,296
818,29
818,267
819,142
820,259
821,45
822,45
824,27
824,208
825,27
825,93
826,137
826,188
827,152
828,152
828,275
829,6
829,25
831,48
831,221
832,163
833,171
835,115
835,229
837,94
838,200
838,161
839,130
839,269
840,135
843,122
844,12
844,93
845,70
845,220
846,121
847,149
848,253
849,150
851,152
852,49
852,38
853,290
853,212
854,280
854,297
855,22
855,214
857,133
857,192
858,11
859,251
860,48
861,142
862,299
865,288
865,299
866,14
867,237
868,65
869,264
870,115
873,59
874,153
875,238
876,179
878,37
878,151
879,173
879,209
880,1
881,275
882,102
883,107
883,186
885,101
886,199
886,229
889,277
890,67
890,291
891,19
891,168
892,235
893,76
894,189
894,73
895,21
896,202
896,34
897,66
900,291
900,185
902,187
902,299
903,69
903,266
904,40
904,272
906,272
906,264
907,90
909,300
910,252
910,95
914,261
915,145
915,134
916,171
916,23
918,239
918,210
919,177
921,169
921,267
922,224
924,179
928,220
929,133
929,132
930,285
930,248
931,122
931,170
932,197
932,33
933,272
934,97
937,295
938,105
940,69
940,14
942,178
945,73
945,59
946,133
946,70
948,219
948,143
949,120
949,225
951,200
951,9
952,69
952,32
953,94
954,276
954,270
955,119
957,147
957,289
959,246
959,132
960,248
961,118
962,3
963,44
963,135
964,86
964,98
966,236
966,249
968,107
968,37
969,138
971,24
971,75
973,171
975,80
977,282
977,248
978,161
978,30
979,259
979,100
980,73
981,40
981,173
982,269
983,182
983,93
985,179
986,42
986,162
988,254
989,49
989,2
990,264
990,182
991,141
992,273
992,27
993,36
994,259
994,286
995,91
996,138
996,88
997,126
997,154
998,65
998,12
999,148
1001,261
1002,234
1002,187
1003,122
1004,217
1004,208
1005,78
1005,119
1006,112
1008,19
1010,181
1012,286
1014,16
1016,273
1016,159
1018,217
1018,259
1019,142
1019,268
1023,161
1023,292
1025,268
1026,84
1027,83
1028,61
1030,174
1031,108
1031,119
1033,38
1035,244
1036,295
1037,7
1037,116
1038,104
1038,254
1039,271
1040,127
1040,100
1044,80
1045,130
1045,126
1046,73
1046,42
1047,130
1047,147
1050,96
1050,39
1051,266
1051,117
1052,242
1052,183
1053,255
1053,189
1055,146
1055,69
1056,207
1056,286
1057,118
1057,5
1058,85
1058,50
1059,203
1060,172
1062,60
1064,147
1064,70
1065,120
1065,90
1066,239
1066,150
1067,131
1067,294
1068,254
1070,250
1070,223
1071,294
1071,203
1073,105
1074,232
1077,238
1079,251
1080,124
1081,221
1081,298
1082,96
1082,19
1083,298
1083,64
1084,101
1084,54
1085,16
1086,59
1086,198
1087,14
1087,186
1088,171
1089,262
1091,10
1092,85
1093,75
1095,6
1096,198
1096,154
1097,272
1097,36
1098,121
1099,75
1100,90
1101,225
1101,122
1102,23
1102,189
1103,131
1103,163
1104,9
1104,166
1108,231
1109,189
1111,118
1111,153
1113,65
1113,281
1114,53
1114,164
1116,196
1118,101
1119,74
1119,1
1120,208
1120,45
1121,184
1122,295
1125,81
1126,217
1126,16
1128,150
1129,248
1129,286
1131,114
1131,237
1132,207
1134,50
1134,286
1136,259
1139,38
1139,73
1141,99
1141,50
1142,17
1142,67
1143,29
1143,299
1144,79
1144,48
1145,53
1145,12
1147,146
1147,28
1148,140
1151,6
1152,100
1152,107
1153,32
1155,237
1157,138
1158,275
1159,60
1163,180
1167,182
1167,195
1169,214
1170,246
1173,233
1173,116
1174,220
1175,19
1175,206
1176,140
1176,223
1178,263
1179,259
1180,4
1180,105
1186,208
1188,280
1188,138
1189,57
1190,208
1190,269
1193,150
1194,107
1194,15
1195,160
1195,171
1198,83
1199,288
1200,78
1202,118
1202,62
1203,123
1204,231
1204,89
1205,295
1206,229
1206,95
1207,167
1208,132
1208,94
1210,45
1211,248
1211,108
1212,225
1213,290
1213,245
1214,187
1214,85
1216,294
1216,246
1218,188
1218,161
1219,113
1219,2
1220,211
1224,267
1226,183
1227,92
1227,222
1228,265
1228,246
1230,207
1230,19
1231,70
1232,71
1232,257
1233,220
1233,103
1234,112
1234,75
1235,180
1235,199
1236,199
1236,280
1237,273
1237,72
1239,217
1240,43
1240,182
1241,201
1242,286
1242,40
1243,240
1246,14
1246,136
1247,180
1248,97
1249,220
1254,29
1256,282
1256,86
1257,177
1258,34
1258,271
1259,176
1259,24
1263,258
1263,28
1265,234
1265,68
1266,76
1266,258
1268,170
1269,100
1270,57
1270,36
1271,2
1271,253
1273,15
1273,117
1274,192
1276,92
1279,268
1279,14
1280,194
1282,199
1282,288
1283,142
1283,234
1284,168
1285,291
1285,66
1286,271
1286,141
1287,73
1287,210
1288,30
1289,282
1289,157
1290,58
1290,25
1291,48
1293,78
1294,18
1294,281
1295,230
1296,173
1297,157
1299,109
1300,126
1302,146
1303,19
1304,124
1304,245
1305,79
1307,10
1307,226
1308,142
1311,45
1312,273
1312,95
1318,42
1320,144
1320,261
1321,212
1322,115
1322,130
1324,248
1324,198
1326,224
1327,49
1328,15
1329,116
1331,233
1332,66
1334,159
1335,287
1336,116
1336,162
1337,3
1337,53
1338,225
1338,112
1339,264
1339,218
1340,213
1340,33
1341,94
1344,293
1344,40
1346,132
1348,213
1349,54
1350,240
1350,171
1352,164
1352,141
1353,285
1355,96
1355,89
1356,218
1356,206
1361,210
1362,28
1362,21
1364,299
1365,195
1365,260
1367,297
1368,163
1369,264
1369,228
1372,222
1373,115
1373,38
1374,2
1375,242
1377,223
1378,228
1379,146
1379,142
1380,125
1381,277
1381,185
1382,207
1382,36
1384,178
1384,163
1387,35
1388,58
1394,185
1395,242
1397,257
1399,12
1399,221
1400,9
1400,142
1401,263
1401,246
1402,21
1404,31
1405,133
1406,143
1406,207
1407,157
1408,278
1409,166
1409,152
1410,22
1413,230
1414,188
1415,136
1415,236
1416,223
1418,236
1419,253
1419,8
1422,32
1422,131
1423,37
1423,51
1424,137
1426,131
1427,123
1427,141
1429,129
1432,26
1433,184
1433,158
1436,90
1436,208
1437,37
1438,146
1439,85
1439,48
1440,190
1440,218
1442,242
1442,35
1443,77
1443,13
1445,33
1447,130
1447,283
1448,50
1448,130
1449,212
1449,20
1451,231
1451,275
1452,16
1455,98
1456,92
1457,45
1457,31
1459,300
1461,64
1462,12
1462,163
1465,192
1465,52
1466,106
1466,278
1468,231
1468,215
1469,296
1470,266
1470,197
1472,293
1472,26
1473,299
1473,31
1474,137
1475,122
1478,96
1478,266
1479,214
1479,165
1480,154
1481,10
1483,61
1484,187
1484,85
1485,207
1485,235
1486,295
1488,15
1489,130
1491,68
1491,259
1492,256
1492,92
1493,197
1493,42
1495,226
1495,266
1496,132
1496,278
1497,223
1497,143
1498,102
1498,219
1499,56
1499,179
1500,195
1501,149
1504,293
1505,136
1506,10
1508,253
1515,204
1515,218
1516,211
1517,8
1518,158
1518,24
1519,98
1519,206
1520,131
1520,220
1521,141
1522,215
1522,143
1523,65
1524,39
1524,260
1525,64
1526,65
1526,124
1528,269
1528,271
1530,207
1531,74
1531,291
1532,39
1532,200
1533,58
1536,292
1537,182
1538,97
1538,78
1539,58
1540,133
1540,96
1541,280
1541,146
1542,263
1544,9
1544,251
1545,11
1545,227
1547,34
1547,101
1550,59
1550,123
1551,283
1552,265
1552,98
1553,123
1553,165
1555,90
1555,248
1556,109
1557,296
1558,74
1559,245
1559,195
1560,274
1560,246
1562,204
1562,282
1563,239
1563,262
1566,181
1568,240
1569,217
1569,267
1570,237
1571,299
1571,146
1572,184
1572,173
1574,17
1574,57
1575,213
1575,133
1576,233
1578,140
1578,103
1579,178
1579,21
1580,290
1582,168
1582,174
1583,91
1583,34
1584,43
1584,222
1585,255
1585,80
1586,54
1586,260
1587,41
1587,222
1588,115
1588,280
1590,44
1590,63
1594,142
1595,273
1595,35
1598,29
1600,124
1600,248
1604,206
1604,24
1606,141
1606,114
1607,234
1608,183
1608,248
1609,196
1611,230
1611,106
1612,104
1614,217
1615,191
1615,177
1617,19
1619,249
1621,129
1621,131
1622,111
1623,35
1624,125
1624,50
1626,180
1626,213
1628,246
1628,9
1629,223
1629,287
1632,265
1632,203
1633,68
1633,107
1635,115
1635,281
1637,184
1639,81
1641,90
1641,125
1642,84
1643,263
1645,32
1645,103
1646,267
1646,21
1648,100
1648,257
1650,179
1650,97
1651,162
1652,204
1652,257
1653,179
1654,205
1656,196
1656,189
1657,205
1658,15
1659,23
1659,16
1660,115
1660,71
1661,282
1661,137
1662,118
1663,243
1664,140
1664,86
1665,88
1665,271
1667,186
1667,220
1668,276
1668,265
1670,280
1671,134
1671,223
1672,183
1673,231
1673,174
1674,193
1675,78
1675,255
1676,180
1676,126
1677,207
1678,218
1679,37
1679,298
1680,221
1680,72
1681,202
1682,161
1683,2
1683,170
1684,244
1685,210
1685,209
1686,93
1686,281
1688,262
1689,83
1689,250
1691,45
1692,3
1694,181
1694,153
1696,105
1697,34
1699,216
1700,44
1700,70
1701,284
1701,99
1703,295
1705,205
1705,120
1706,7
1707,86
1707,292
1708,207
1709,238
1710,123
1710,109
1711,87
1712,215
1712,49
1715,117
1716,79
1716,231
1717,286
1719,183
1719,117
1720,57
1720,132
1721,46
1723,185
1725,212
1727,87
1729,26
1730,161
1730,210
1731,75
1731,13
1732,56
1732,93
1733,137
1733,120
1734,136
1734,76
1735,9
1735,293
1736,261
1736,99
1737,295
1738,81
1738,264
1740,214
1741,280
1744,229
1744,250
1745,104
1745,64
1747,119
1748,133
1748,127
1749,14
1749,98
1751,116
1751,2
1754,258
1755,208
1755,123
1756,201
1757,104
1757,125
1758,127
1759,199
1759,237
1761,251
1762,213
1763,287
1763,25
1764,150
1766,223
1767,127
1768,194
1768,137
1770,27
1771,289
1771,61
1772,287
1773,110
1774,112
1774,33
1775,261
1776,83
1776,194
1777,77
1778,85
1779,227
1779,181
1780,278
1781,165
1782,122
1782,154
1784,51
1785,71
1785,59
1788,290
1788,161
1789,281
1790,284
1791,126
1794,233
1794,80
1795,129
1795,71
1796,176
1796,264
1797,289
1798,151
1801,258
1802,80
1803,270
1805,131
1806,291
1807,34
1808,19
1810,185
1811,127
1811,254
1812,294
1816,203
1817,126
1817,93
1818,102
1819,153
1819,145
1820,128
1821,249
1823,51
1825,128
1826,187
1826,54
1829,42
1829,107
1830,117
1830,146
1832,268
1834,85
1835,76
1835,105
1836,151
1836,27
1838,247
1838,127
1842,279
1843,267
1844,212
1844,297
1845,253
1845,63
1846,265
1846,216
1847,212
1848,265
1849,248
1850,2
1851,169
1852,286
1852,107
1853,117
1855,197
1856,197
1856,213
1857,126
1858,10
1858,231
1859,16
1860,253
1860,230
1861,110
1861,222
1862,228
1863,67
1864,157
1864,151
1865,241
1866,249
1868,291
1868,119
1869,154
1869,31
1871,84
1871,2
1872,159
1873,103
1873,55
1874,123
1875,288
1876,6
1877,12
1877,244
1878,174
1878,16
1879,110
1881,208
1883,183
1884,126
1885,56
1886,194
1889,96
1889,166
1890,216
1891,44
1891,207
1893,123
1893,129
1894,268
1894,8
1895,33
1895,264
1896,268
1896,42
1898,248
1899,77
1900,69
1902,148
1909,94
1910,125
1910,71
1911,223
1912,196
1913,243
1916,22
1916,84
1917,217
1918,199
1919,41
1921,249
1922,196
1924,157
1925,87
1925,214
1926,11
1926,150
1927,186
1927,206
1928,52
1928,12
1929,267
1931,292
1931,26
1932,177
1932,168
1933,103
1933,100
1934,94
1934,216
1935,196
1936,27
1938,69
1938,175
1939,281
1939,22
1940,27
1940,87
1941,196
1942,246
1943,108
1945,10
1946,253
1946,215
1949,81
1949,222
1950,118
1950,22
1952,85
1952,111
1954,131
1955,44
1955,186
1956,192
1956,166
1957,255
1957,162
1958,42
1958,224
1959,141
1960,6
1961,220
1963,108
1965,203
1966,283
1966,294
1967,267
1967,31
1968,94
1968,211
1969,142
1969,188
1970,210
1972,160
1974,132
1975,53
1975,78
1976,147
1978,196
1978,97
1979,245
1979,213
1980,73
1980,79
1981,193
1982,63
1982,119
1983,196
1983,210
1984,126
1984,167
1985,52
1985,118
1986,165
1986,157
1987,232
1987,236
1989,234
1990,94
1990,256
1991,27
1993,226
1993,73
1995,126
1996,142
1996,249
1997,87
1998,216
1999,107
1999,125
2000,15
2000,244
2001,4
2002,84
2003,91
2004,114
2005,271
2006,9
2007,288
2007,109
2008,202
2008,122
2009,103
2009,196
2010,102
2010,22
2011,133
2012,162
2012,252
2013,221
2014,102
2015,252
2015,165
2016,289
2017,164
2017,163
2018,150
2019,113
2019,23
2021,72
2021,298
2022,202
2023,143
2024,68
2024,15
2025,242
2025,202
2026,1
2027,3
2027,55
2028,226
2028,252
2029,74
2029,137
2030,32
2031,12
2034,265
2035,278
2035,95
2036,277
2037,95
2039,208
2042,93
2042,165
2043,161
2043,262
2045,97
2046,153
2046,249
2047,247
2047,16
2048,147
2048,271
2051,109
2051,50
2052,192
2052,88
2053,196
2054,155
2054,258
2055,60
2056,117
2059,15
2059,146
2060,226
2060,280
2064,269
2065,234
2065,118
2066,155
2067,163
2069,103
2069,105
2070,42
2071,76
2071,131
2072,229
2072,87
2073,111
2073,13
2078,187
2078,266
2079,258
2080,146
2080,98
2081,174
2081,231
2082,169
2083,242
2087,79
2088,112
2088,172
2089,212
2089,32
2090,222
2090,59
2092,137
2095,176
2095,225
2096,215
2096,258
2097,93
2097,258
2098,1
2099,42
2100,125
2100,248
2101,195
2102,95
2102,246
2103,150
2104,15
2104,255
2105,43
2105,234
2106,175
2106,41
2107,40
2107,16
2109,297
2109,287
2112,47
2112,103
2113,23
2114,263
2115,214
2115,58
2119,292
2119,252
2120,82
2121,282
2123,118
2123,241
2124,49
2125,12
2125,126
2126,95
2126,96
2127,47
2129,278
2130,67
2130,292
2131,180
2131,228
2133,146
2134,222
2134,132
2135,79
2136,129
2137,79
2137,186
2140,287
2140,222
2141,226
2142,13
2143,67
2143,221
2144,43
2144,119
2146,291
2147,294
2147,150
2148,200
2148,78
2149,5
2149,166
2150,227
2151,182
2151,202
2152,133
2152,26
2154,61
2157,64
2158,99
2158,205
2163,24
2163,59
2164,298
2165,21
2165,266
2166,41
2166,4
2168,185
2168,20
2169,294
2170,178
2171,86
2171,45
2173,65
2174,75
2174,218
2177,171
2177,217
2178,291
2178,129
2179,229
2180,74
2180,165
2181,153
2183,68
2185,201
2185,258
2186,233
2187,222
2187,4
2188,280
2189,9
2189,61
2194,190
2195,293
2198,163
2198,8
2199,188
2200,71
2201,259
2201,184
2202,5
2202,86
2203,232
2205,216
2205,15
2206,262
2210,76
2210,175
2211,125
2214,273
2216,80
2216,141
2220,75
2220,49
2223,190
2223,208
2224,143
2225,138
2226,258
2226,135
2228,167
2228,224
2229,148
2230,298
2231,3
2232,208
2232,229
2233,266
2233,127
2235,85
2236,96
2237,172
2237,47
2238,280
2240,240
2244,243
2245,211
2245,57
2246,13
2249,44
2250,7
2250,205
2251,13
2252,273
2252,241
2253,83
2256,26
2258,185
2259,114
2259,103
2260,189
2261,274
2262,295
2263,148
2263,223
2264,260
2265,62
2266,111
2266,115
2268,99
2268,128
2269,88
2270,223
2272,248
2273,29
2274,283
2275,243
2276,8
2278,89
2279,44
2280,97
2281,150
2281,243
2282,223
2282,148
2284,251
2284,38
2285,234
2287,216
2288,259
2290,1
2290,207
2291,199
2294,96
2295,261
2295,39
2296,260
2296,243
2297,44
2298,176
2299,219
2301,72
2302,215
2303,89
2303,129
2304,140
2304,42
2305,116
2306,85
2306,287
2309,12
2310,239
2312,139
2312,239
2313,153
2313,6
2314,182
2316,42
2316,66
2317,75
2317,267
2319,202
2319,35
2320,7
2320,61
2322,198
2323,70
2324,294
2324,54
2326,101
2327,191
2327,5
2328,252
2330,231
2330,295
2331,104
2331,33
2332,258
2332,185
2333,227
2333,180
2334,288
2334,63
2338,252
2339,182
2340,220
2341,139
2341,103
2342,220
2344,40
2344,6
2345,138
2346,140
2346,53
2347,133
2347,149
2348,63
2350,21
2350,236
2351,52
2353,12
2354,276
2355,20
2355,77
2356,90
2356,17
2357,187
2358,153
2359,28
2359,30
2360,113
2362,61
2362,78
2363,57
2364,70
2365,78
2366,159
2368,72
2369,39
2372,52
2372,242
2373,67
2373,214
2374,41
2375,239
2375,145
2378,63
2378,184
2379,283
2380,123
2381,36
2381,255
2382,100
2385,238
2385,151
2388,246
2388,112
2389,87
2389,208
2390,63
2391,100
2391,291
2392,89
2392,112
2394,141
2395,191
2396,210
2397,265
2399,122
2399,66
2400,122
2400,243
2401,89
2401,151
2402,164
2404,264
2404,2
2405,30
2405,202
2406,23
2408,159
2408,120
2409,99
2409,107
2410,83
2410,84
2411,144
2411,139
2412,85
2412,88
2414,4
2417,34
2417,84
2419,97
2419,169
2421,101
2421,223
2422,121
2424,110
2425,4
2426,116
2427,205
2428,258
2429,151
2430,31
2431,139
2431,46
2432,212
2433,261
2434,9
2435,18
2436,250
2437,152
2437,61
2438,20
2438,97
2439,43
2439,42
2440,4
2440,275
2444,264
2445,254
2445,211
2446,238
2446,195
2447,199
2449,5
2449,300
2450,153
2450,92
2451,246
2452,153
2452,148
2453,63
2453,294
2454,36
2454,71
2455,122
2457,232
2457,107
2458,71
2458,300
2460,49
2460,73
2461,258
2462,50
2462,147
2468,85
2469,202
2471,55
2472,15
2472,158
2473,147
2473,123
2474,187
2474,133
2475,80
2475,263
2476,287
2477,89
2477,262
2478,48
2479,22
2479,234
2480,283
2480,55
2481,266
2483,4
2485,156
2486,178
2488,28
2488,276
2489,144
2490,139
2490,187
2491,49
2491,163
2493,118
2493,98
2494,37
2494,64
2496,53
2496,144
2498,15
2498,74
2499,257
2499,123
2500,73
2501,266
2501,225
2502,158
2502,116
2503,98
2503,180
2504,70
2504,61
2505,274
2506,287
2509,288
2509,26
2510,192
2510,296
2511,37
2511,253
2513,152
2514,64
2514,102
2515,61
2515,225
2516,215
2516,168
2517,133
2519,217
2521,113
2521,135
2522,85
2522,14
2524,234
2524,1
2525,38
2525,67
2526,250
2526,268
2527,109
2527,28
2528,9
2528,238
2529,167
2530,92
2531,78
2531,299
2532,241
2532,236
2533,69
2534,4
2534,29
2535,86
2537,67
2537,141
2539,243
2539,166
2540,209
2540,117
2541,254
2542,52
2543,143
2543,88
2544,35
2544,227
2545,4
2546,274
2548,222
2549,198
2549,203
2551,260
2554,243
2557,287
2557,140
2558,255
2558,292
2559,147
2560,6
2560,130
2561,71
2561,292
2562,127
2566,15
2566,130
2567,278
2568,216
2568,265
2570,27
2573,167
2573,221
2574,101
2578,22
2578,248
2579,168
2579,88
2580,120
2580,283
2581,78
2582,95
2582,175
2583,81
2583,201
2584,152
2586,60
2586,97
2587,39
2587,161
2588,56
2590,48
2591,63
2591,274
2592,184
2592,97
2594,237
2594,246
2596,120
2597,290
2597,162
2599,85
2600,45
2601,33
2601,65
2602,244
2605,18
2606,92
2607,237
2608,50
2609,73
2611,264
2612,248
2612,287
2617,71
2617,121
2618,257
2619,38
2620,106
2620,271
2621,41
2622,57
2623,238
2624,76
2625,248
2626,154
2626,182
2627,179
2628,76
2628,153
2629,137
2630,211
2630,107
2631,38
2632,163
2633,136
2633,296
2634,239
2636,228
2636,37
2637,231
2639,135
2639,169
2641,10
2641,190
2643,227
2644,41
2645,278
2649,83
2649,231
2650,154
2650,38
2651,96
2652,93
2652,118
2653,19
2654,29
2654,47
2656,53
2657,66
2657,99
2658,213
2660,101
2662,248
2663,218
2663,74
2664,293
2665,136
2666,293
2666,97
2669,244
2670,86
2671,271
2671,261
2673,120
2673,204
2674,135
2675,28
2675,103
2676,25
2676,138
2678,222
2678,175
2679,278
2679,124
2681,300
2681,68
2683,184
2683,207
2684,62
2686,246
2686,293
2687,218
2688,244
2689,216
2690,115
2690,16
2691,222
2691,183
2692,229
2693,237
2695,262
2695,87
2697,285
2697,65
2698,281
2699,222
2699,102
2701,147
2702,190
2702,247
2704,254
2705,150
2706,146
2706,244
2708,164
2708,186
2710,74
2710,244
2711,283
2712,192
2713,232
2713,142
2716,286
2718,276
2718,188
2719,163
2719,10
2724,15
2724,144
2725,195
2726,240
2726,92
2729,66
2730,4
2731,154
2733,23
2733,260
2736,133
2738,253
2738,137
2741,290
2741,249
2742,262
2742,218
2743,266
2743,100
2744,18
2744,296
2745,57
2745,139
2746,18
2746,121
2748,137
2748,285
2749,165
2750,72
2750,77
2751,239
2751,167
2752,246
2753,90
2755,135
2755,295
2757,279
2758,82
2758,103
2759,200
2760,125
2760,132
2761,138
2762,37
2762,255
2763,224
2764,248
2765,8
2766,151
2768,153
2768,197
2769,132
2769,187
2770,16
2770,56
2771,235
2771,192
2772,3
2773,34
2773,58
2774,207
2775,286
2776,10
2778,80
2778,147
2779,10
2780,219
2780,185
2782,151
2782,227
2783,44
2783,290
2784,282
2786,235
2787,58
2788,294
2790,141
2791,234
2794,119
2794,85
2795,255
2795,169
2796,64
2798,127
2798,197
2799,132
2802,90
2802,75
2805,264
2805,215
2808,107
2808,248
2809,271
2810,153
2811,91
2811,123
2812,81
2813,214
2813,218
2815,142
2818,65
2818,155
2819,93
2820,116
2820,68
2821,56
2821,40
2822,107
2824,266
2824,37
2825,281
2826,189
2827,7
2827,172
2828,35
2828,144
2829,284
2830,179
2831,257
2832,10
2833,93
2833,192
2835,200
2835,29
2836,210
2837,128
2838,270
2838,5
2839,124
2839,1
2840,243
2840,186
2841,227
2844,249
2844,263
2845,117
2847,246
2848,265
2849,63
2850,3
2850,214
2853,257
2853,245
2854,100
2854,55
2856,129
2856,27
2857,251
2858,131
2859,6
2860,172
2861,207
2863,139
2865,33
2866,258
2866,277
2867,174
2867,251
2868,206
2868,24
2869,246
2870,43
2870,62
2871,130
2876,121
2876,84
2877,58
2877,296
2878,229
2880,147
2881,59
2882,81
2883,33
2884,257
2885,263
2885,216
2886,163
2886,227
2890,134
2890,97
2892,164
2894,166
2896,61
2899,299
2899,226
2901,206
2901,190
2902,22
2904,170
2904,94
2905,44
2905,283
2907,163
2908,24
2909,288
2909,142
2912,215
2912,163
2914,203
2914,123
2915,84
2917,107
2917,53
2919,161
2919,64
2924,12
2924,203
2925,37
2925,17
2926,259
2927,147
2927,179
2928,207
2928,92
2929,103
2929,3
2930,33
2932,203
2932,199
2933,176
2933,184
2934,11
2934,210
2935,71
2935,62
2937,259
2937,270
2938,281
2939,180
2941,112
2942,244
2942,89
2945,35
2945,195
2948,37
2948,187
2949,218
2950,41
2950,22
2951,198
2952,163
2952,58
2953,114
2954,121
2955,189
2955,76
2956,219
2957,136
2958,13
2959,127
2960,211
2961,88
2961,214
2962,6
2963,90
2964,266
2965,82
2968,299
2969,171
2973,49
2973,104
2974,273
2976,234
2976,44
2977,192
2977,178
2978,255
2978,223
2981,238
2982,147
2983,117
2984,44
2984,299
2987,62
2987,229
2988,91
2990,155
2990,22
2991,133
2991,58
2992,59
2992,261
2993,75
2993,209
2994,147
2995,39
2995,6
2997,96
2997,167
3000,178
3000,272
3001,202
3003,122
3003,39
3004,63
3004,268
3005,193
3006,91
3007,130
3008,295
3010,24
3011,155
3011,300
3012,183
3012,125
3013,80
3016,202
3016,258
3018,159
3018,63
3019,262
3021,126
3021,64
3023,276
3023,36
3024,95
3028,39
3029,82
3029,209
3030,197
3031,257
3032,195
3034,84
3034,151
3037,72
3037,157
3038,221
3039,109
3039,6
3040,107
3041,155
3041,61
3042,263
3043,236
3044,98
3045,186
3047,134
3049,131
3049,156
3051,203
3051,32
3054,243
3054,235
3057,199
3058,216
3058,94
3059,50
3059,97
3060,155
3060,10
3061,288
3061,233
3062,178
3063,19
3065,296
3065,43
3066,52
3066,288
3067,47
3067,144
3068,48
3069,3
3069,61
3070,187
3070,250
3072,121
3072,6
3073,241
3075,171
3075,258
3076,72
3076,230
3078,264
3079,257
3079,189
3081,84
3083,268
3083,259
3084,144
3085,151
3085,138
3087,4
3087,102
3088,125
3088,199
3090,231
3090,9
3092,228
3092,61
3094,262
3094,36
3095,53
3096,110
3097,59
3098,167
3098,217
3099,81
3099,19
3100,82
3102,118
3103,146
3104,164
3105,3
3105,49
3107,275
3107,188
3109,291
3111,235
3111,219
3112,232
3112,43
3115,47
3115,75
3116,294
3117,31
3117,20
3118,59
3119,102
3119,244
3120,146
3120,215
3122,203
3123,95
3127,252
3127,228
3129,96
3129,276
3132,153
3133,285
3134,223
3135,79
3135,122
3136,116
3138,160
3141,278
3141,230
3142,213
3142,47
3143,218
3144,39
3144,165
3145,204
3145,175
3146,227
3146,197
3147,19
3147,177
3149,69
3149,112
3150,245
3150,157
3151,65
3152,217
3152,247
3153,224
3153,81
3154,59
3155,86
3156,176
3156,274
3157,93
3157,228
3158,121
3159,230
3160,122
3162,183
3163,181
3163,72
3164,146
3165,243
3168,33
3168,154
3169,257
3171,264
3172,195
3172,129
3173,300
3174,124
3174,216
3177,97
3178,196
3178,141
3179,39
3180,273
3182,186
3183,297
3185,209
3187,152
3187,293
3188,239
3189,19
3189,43
3190,220
3190,69
3191,109
3191,103
3192,207
3194,175
3194,144
3198,180
3199,256
3200,164
3202,223
3203,281
3203,230
3204,235
3206,25
3207,50
3207,70
3208,97
3208,274
3209,275
3209,45
3210,40
3211,241
3211,247
3212,229
3212,145
3213,44
3213,184
3215,257
3216,43
3217,271
3217,187
3218,175
3219,30
3220,155
3220,282
3221,132
3221,153
3222,15
3222,73
3224,107
3224,126
3225,146
3225,6
3226,293
3226,198
3227,149
3228,187
3228,41
3229,245
3230,265
3231,258
3231,177
3232,257
3233,225
3234,30
3234,13
3235,181
3236,196
3236,192
3237,119
3237,150
3238,28
3239,157
3239,115
3240,11
3241,16
3241,44
3242,285
3243,96
3243,74
3244,219
3244,14
3245,289
3246,154
3248,147
3248,264
3249,266
3249,226
3250,124
3250,145
3251,235
3251,76
3252,48
3252,150
3253,285
3256,283
3259,166
3261,36
3263,72
3263,168
3265,22
3267,204
3268,200
3268,130
3269,128
3269,49
3270,277
3270,17
3271,176
3271,199
3272,195
3273,51
3275,175
3275,40
3276,31
3276,212
3277,103
3277,181
3281,49
3282,288
3282,182
3283,33
3284,191
3284,226
3285,156
3285,122
3286,114
3286,71
3287,118
3287,100
3288,272
3289,176
3291,79
3292,73
3292,277
3293,207
3294,128
3295,76
3296,135
3297,260
3297,161
3298,145
3298,44
3300,30
3303,76
3303,181
3304,279
3305,181
3306,33
3306,297
3307,89
3308,85
3308,204
3309,237
3309,215
3310,121
3310,41
3312,260
3313,276
3313,114
3315,284
3316,94
3316,129
3317,74
3317,153
3320,42
3321,283
3322,297
3322,241
3324,5
3324,279
3326,244
3327,36
3327,147
3329,142
3329,196
3330,273
3330,74
3331,188
3331,229
3332,28
3333,182
3334,208
3334,143
3335,116
3338,33
3338,248
3340,89
3343,93
3343,250
3345,19
3345,57
3346,151
3347,208
3347,163
3348,65
3349,106
3349,36
3350,148
3350,13
3351,179
3352,126
3352,278
3353,173
3353,207
3354,190
3354,231
3357,48
3357,140
3360,252
3362,76
3364,103
3364,130
3366,220
3368,22
3368,251
3369,51
3369,153
3370,45
3374,165
3374,107
3375,194
3376,291
3378,84
3380,210
3380,157
3381,48
3382,117
3383,249
3385,264
3385,4
3386,63
3387,31
3387,246
3388,164
3389,157
3391,269
3392,266
3393,136
3394,70
3395,13
3395,156
3396,225
3397,20
3399,63
3400,261
3402,93
3405,200
3405,104
3406,78
3406,297
3407,94
3409,260
3409,94
3410,221
3410,300
3412,146
3412,250
3414,225
3414,144
3421,47
3422,125
3422,135
3424,254
3425,138
3426,230
3427,108
3428,79
3429,286
3429,109
3430,3
3431,190
3432,155
3432,99
3434,300
3434,14
3435,300
3435,101
3436,289
3436,16
3438,281
3439,9
3441,171
3442,92
3442,56
3443,198
3446,33
3446,148
3447,253
3447,174
3449,204
3450,128
3452,104
3453,154
3454,99
3455,69
3457,31
3458,163
3460,256
3460,182
3461,10
3464,123
3465,157
3466,164
3466,132
3467,18
3467,201
3468,243
3469,127
3469,269
3470,150
3471,143
3473,214
3473,149
3474,244
3474,235
3475,285
3478,134
3479,142
3479,79
3480,110
3481,68
3482,282
3483,108
3483,275
3484,33
3484,213
3486,240
3487,5
3487,280
3489,185
3491,208
3491,33
3494,95
3494,55
3500,80
3502,208
3502,161
3503,98
3503,260
3504,104
3505,193
3506,243
3507,180
3508,26
3508,25
3509,249
3510,277
3510,72
3512,75
3512,256
3513,227
3513,153
3514,174
3516,171
3517,2
3518,121
3519,274
3520,23
3521,97
3521,220
3524,176
3525,129
3525,47
3526,79
3526,173
3527,298
3527,142
3529,69
3531,17
3531,90
3535,27
3535,212
3537,268
3537,122
3538,117
3539,285
3539,253
3543,90
3544,116
3544,294
3545,19
3546,239
3548,244
3548,29
3549,219
3549,21
3550,89
3551,236
3552,83
3555,158
3557,288
3558,215
3560,289
3562,159
3563,52
3563,61
3564,100
3565,253
3568,217
3569,223
3570,228
3572,138
3573,153
3575,127
3576,118
3576,174
3577,80
3577,159
3580,234
3581,35
3583,180
3583,221
3584,253
3585,155
3585,36
3586,190
3586,276
3587,219
3588,139
3588,236
3591,221
3592,244
3592,137
3593,196
3593,287
3594,205
3594,118
3595,44
3595,167
3596,98
3596,271
3597,238
3597,85
3598,290
3599,223
3599,218
3600,73
3603,270
3605,118
3605,271
3607,81
3608,89
3608,273
3611,114
3613,137
3615,257
3615,273
3618,48
3618,201
3619,246
3619,97
3620,233
3620,99
3622,279
3622,198
3623,54
3623,99
3624,119
3629,89
3629,83
3630,255
3630,76
3631,86
3635,271
3635,60
3636,292
3637,229
3637,145
3639,52
3639,20
3640,39
3641,31
3642,149
3644,158
3645,27
3645,268
3646,51
3646,202
3649,28
3649,24
3651,224
3651,293
3652,114
3652,93
3653,200
3654,13
3654,15
3658,4
3658,243
3659,167
3659,263
3661,224
3662,48
3662,213
3663,200
3663,188
3664,276
3666,34
3666,229
3667,184
3667,88
3668,138
3670,293
3672,294
3674,138
3676,237
3677,176
3678,241
3680,161
3680,263
3681,108
3685,73
3685,9
3686,245
3688,80
3688,17
3690,287
3693,128
3694,119
3694,64
3695,277
3698,10
3698,164
3699,258
3699,102
3700,170
3701,207
3701,293
3702,161
3704,167
3705,177
3705,300
3706,122
3706,103
3708,206
3708,166
3709,192
3709,285
3710,284
3711,182
3712,288
3712,108
3713,206
3713,26
3714,99
3714,226
3716,168
3717,239
3719,258
3719,191
3720,76
3720,293
3721,269
3721,298
3722,79
3722,169
3724,235
3724,83
3725,46
3725,52
3727,171
3728,115
3729,86
3729,179
3730,107
3730,284
3732,63
3732,35
3733,182
3736,206
3736,122
3737,200
3737,277
3739,122
3742,87
3742,69
3743,274
3743,92
3744,284
3744,36
3746,140
3747,2
3748,116
3748,233
3751,14
3751,22
3754,100
3755,194
3756,59
3757,166
3757,195
3758,165
3759,184
3760,155
3760,196
3765,45
3766,276
3768,157
3769,183
3769,46
3770,212
3770,197
3771,79
3771,184
3774,209
3775,156
3777,278
3777,126
3778,258
3779,144
3779,30
3780,50
3781,27
3781,96
3782,171
3782,29
3784,72
3784,65
3785,120
3785,25
3786,247
3786,297
3787,261
3788,199
3789,67
3790,57
3791,158
3792,78
3793,82
3794,150
3794,151
3795,298
3795,122
3796,192
3797,102
3798,237
3798,284
3799,217
3799,216
3800,2
3801,146
3801,154
3802,158
3805,219
3806,203
3806,36
3808,200
3809,233
3811,33
3812,31
3813,56
3813,221
3815,116
3815,289
3819,288
3819,223
3821,230
3821,170
3822,48
3823,146
3823,11
3824,249
3824,4
3827,79
3827,234
3828,121
3829,241
3829,219
3830,59
3831,64
3831,108
3832,87
3833,184
3834,127
3835,248
3835,131
3839,243
3839,122
3841,5
3842,17
3843,39
3845,239
3845,59
3846,283
3847,65
3847,144
3849,23
3849,250
3850,174
3850,99
3852,204
3852,272
3854,74
3855,133
3857,103
3859,137
3861,3
3862,15
3863,286
3864,43
3864,159
3865,94
3868,103
3868,115
3870,144
3871,133
3873,177
3873,29
3874,105
3874,29
3875,112
3875,27
3876,2
3877,226
3877,125
3878,168
3878,192
3879,157
3879,202
3881,99
3882,243
3882,178
3883,92
3884,96
3885,268
3887,89
3888,4
3888,41
3890,72
3890,264
3891,227
3892,32
3894,168
3894,182
3895,50
3895,128
3896,263
3896,185
3897,60
3898,219
3898,295
3899,299
3900,238
3901,280
3901,1
3905,73
3905,175
3907,102
3907,19
3911,95
3911,148
3914,289
3914,75
3916,293
3916,190
3918,47
3919,70
3919,67
3922,281
3923,235
3923,98
3924,234
3925,113
3925,69
3926,197
3926,283
3927,253
3927,196
3928,111
3929,117
3929,209
3931,173
3931,131
3932,165
3933,154
3933,69
3934,72
3935,9
3936,42
3937,17
3939,37
3941,19
3942,71
3943,212
3943,139
3944,136
3944,78
3945,195
3946,202
3947,280
3947,5
3949,288
3949,137
3950,186
3950,248
3951,124
3952,241
3952,36
3953,224
3953,65
3954,243
3954,74
3956,235
3957,280
3957,101
3958,99
3958,280
3959,221
3959,203
3960,195
3961,95
3964,105
3964,164
3965,295
3965,79
3967,45
3967,218
3968,291
3969,186
3970,174
3972,152
3972,58
3973,297
3974,137
3975,45
3976,270
3976,235
3978,229
3979,92
3979,105
3980,17
3981,17
3981,103
3982,154
3982,81
3983,30
3985,23
3990,25
3990,290
3991,62
3991,246
3992,279
3993,68
3994,251
3995,89
3996,28
3996,232
3997,34
3997,245
3998,204
3998,94
3999,194
3999,254
4000,205
4000,113
4002,103
4002,100
4007,16
4007,34
4008,185
4009,5
4011,274
4011,265
4012,169
4014,162
4017,31
4018,250
4018,267
4019,261
4019,132
4020,169
4020,286
4022,202
4022,66
4023,203
4023,94
4025,199
4025,43
4027,180
4028,32
4029,156
4032,215
4032,159
4033,60
4034,58
4034,270
4035,136
4035,76
4036,27
4037,276
4038,226
4038,82
4039,189
4040,11
4041,122
4043,135
4044,210
4044,256
4047,64
4047,208
4048,253
4049,126
4051,100
4052,32
4053,297
4054,153
4055,121
4055,110
4057,7
4060,186
4061,277
4061,18
4062,55
4062,165
4063,258
4064,55
4064,201
4065,296
4065,59
4066,220
4067,278
4068,114
4069,204
4070,178
4070,251
4071,299
4071,149
4072,86
4073,233
4073,282
4074,54
4075,124
4076,52
4076,165
4077,93
4077,224
4080,36
4080,211
4081,198
4081,79
4082,183
4082,246
4085,145
4085,192
4087,258
4088,24
4088,71
4089,17
4090,98
4092,201
4092,294
4093,188
4094,175
4094,82
4096,107
4097,135
4098,105
4098,171
4099,11
4099,20
4100,276
4100,195
4101,118
4101,175
4102,158
4106,151
4107,249
4107,182
4108,23
4110,250
4111,55
4112,251
4113,46
4114,17
4114,61
4116,190
4116,140
4117,92
4120,265
4121,252
4122,74
4123,54
4124,75
4124,128
4127,289
4128,29
4129,83
4131,232
4132,69
4133,282
4133,165
4134,245
4135,154
4136,130
4136,218
4137,150
4140,286
4140,75
4141,268
4141,189
4142,171
4142,128
4143,201
4144,154
4147,56
4147,98
4148,133
4148,174
4149,149
4150,47
4151,153
4151,242
4152,213
4152,145
4153,110
4154,37
4154,148
4155,88
4156,270
4158,39
4158,76
4159,277
4159,242
4160,89
4160,221
4161,227
4162,166
4163,296
4164,14
4164,80
4166,174
4167,271
4169,232
4169,211
4172,280
4174,246
4174,217
4175,160
4176,262
4177,14
4177,209
4178,144
4178,152
4179,287
4179,235
4180,4
4180,167
4182,231
4183,186
4183,105
4184,2
4184,59
4185,280
4185,209
4187,159
4187,195
4189,73
4189,39
4190,191
4190,276
4191,129
4192,203
4193,204
4194,66
4197,93
4197,180
4198,61
4198,74
4201,15
4201,46
4202,186
4202,291
4203,131
4205,148
4207,260
4209,125
4209,104
4210,226
4212,246
4214,236
4214,282
4215,7
4215,96
4216,39
4217,96
4218,27
4218,151
4219,66
4220,68
4222,203
4223,204
4224,236
4224,224
4227,255
4228,53
4229,105
4229,277
4230,226
4231,213
4233,170
4234,143
4235,111
4235,243
4236,255
4238,61
4240,282
4240,16
4241,200
4243,213
4243,285
4244,75
4244,279
4245,273
4246,116
4246,223
4247,234
4248,140
4249,187
4250,152
4251,133
4252,55
4252,264
4253,120
4255,41
4258,18
4258,161
4259,202
4259,235
4260,44
4261,201
4261,151
4264,205
4264,55
4265,150
4265,124
4266,210
4266,66
4267,257
4268,45
4268,280
4269,259
4270,264
4271,136
4272,45
4274,22
4275,239
4275,272
4276,46
4276,241
4277,27
4278,269
4278,84
4279,46
4280,98
4281,258
4281,14
4282,285
4282,76
4283,131
4283,19
4286,87
4287,192
4288,202
4288,66
4289,300
4290,190
4290,50
4291,278
4293,247
4293,22
4295,124
4295,10
4296,183
4297,54
4298,242
4298,208
4299,180
4299,236
4300,23
4301,16
4302,7
4305,53
4305,100
4306,125
4306,147
4307,40
4307,48
4310,118
4311,26
4311,144
4312,293
4313,99
4317,291
4319,290
4321,202
4321,128
4322,52
4324,143
4326,12
4327,280
4327,89
4330,260
4330,147
4331,204
4331,90
4332,47
4332,131
4334,198
4334,125
4335,65
4335,242
4336,69
4338,198
4338,49
4342,201
4342,57
4343,201
4345,161
4346,5
4347,9
4348,208
4351,115
4351,135
4352,64
4353,93
4353,300
4354,8
4355,65
4355,92
4356,60
4356,41
4358,282
4358,273
4360,117
4360,94
4361,184
4362,119
4362,213
4363,4
4363,89
4364,169
4364,214
4365,38
4365,215
4366,39
4367,210
4367,289
4368,284
4370,271
4371,251
4372,7
4374,41
4374,133
4375,39
4376,104
4376,149
4377,41
4377,120
4379,175
4380,210
4381,182
4382,157
4382,164
4383,220
4388,109
4390,207
4390,4
4391,60
4391,166
4392,27
4393,212
4394,116
4394,64
4395,274
4396,42
4400,76
4400,161
4402,7
4402,92
4403,268
4407,299
4408,191
4410,77
4413,87
4413,238
4415,260
4416,88
4417,186
4418,113
4419,263
4419,165
4420,92
4422,18
4422,158
4423,126
4424,22
4424,288
4425,25
4426,64
4426,71
4429,285
4429,140
4430,248
4433,187
4435,81
4435,273
4438,138
4439,107
4440,192
4441,72
4442,217
4443,57
4443,199
4444,38
4445,288
4445,182
4446,54
4447,123
4447,298
4449,251
4451,132
4452,189
4452,73
4453,103
4455,214
4456,141
4457,209
4457,123
4458,101
4458,160
4460,95
4464,148
4466,169
4466,128
4467,286
4470,132
4471,187
4473,217
4474,141
4474,46
4475,197
4477,232
4478,273
4478,42
4479,287
4481,132
4483,195
4484,251
4484,232
4485,115
4486,172
4487,213
4489,48
4492,45
4493,23
4494,241
4496,241
4497,217
4498,230
4499,177
4499,300
4500,147
4503,54
4504,187
4505,282
4505,3
4506,216
4507,226
4508,206
4508,75
4509,86
4513,58
4516,74
4516,229
4517,195
4517,42
4518,83
4518,211
4519,98
4519,152
4521,68
4521,45
4522,39
4523,52
4524,6
4524,51
4525,6
4525,76
4526,138
4528,300
4528,62
4529,77
4532,278
4532,77
4534,49
4534,114
4535,209
4537,83
4538,39
4539,271
4539,217
4540,290
4541,40
4541,222
4542,154
4543,86
4547,224
4547,128
4550,17
4551,253
4551,24
4552,293
4553,195
4554,134
4554,100
4555,282
4555,153
4556,226
4556,30
4558,161
4558,7
4559,102
4559,248
4560,168
4561,51
4562,241
4562,149
4566,262
4568,242
4568,31
4569,119
4572,70
4573,68
4574,178
4575,169
4575,210
4576,238
4576,219
4577,92
4578,169
4579,83
4579,74
4581,196
4583,165
4585,131
4585,192
4587,99
4588,226
4590,229
4592,132
4592,38
4595,220
4595,79
4596,209
4597,296
4597,2
4598,113
4598,35
4599,73
4600,153
4600,207
4601,93
4601,132
4603,98
4603,74
4604,11
4604,107
4606,229
4607,165
4607,51
4608,101
4609,136
4609,241
4610,62
4613,257
4614,18
4614,35
4615,253
4616,232
4616,138
4617,69
4618,120
4621,85
4622,74
4623,19
4624,169
4624,13
4625,47
4625,257
4626,136
4626,194
4627,111
4628,223
4630,288
4631,49
4632,2
4633,121
4634,66
4634,172
4635,148
4635,113
4636,76
4636,30
4637,91
4638,115
4639,234
4642,287
4643,106
4645,54
4645,244
4646,34
4647,40
4650,284
4651,146
4651,65
4652,220
4653,270
4653,201
4654,241
4654,50
4655,64
4655,32
4657,268
4658,161
4659,45
4660,12
4660,295
4663,69
4663,255
4665,231
4666,294
4670,251
4670,68
4672,41
4672,94
4675,262
4675,231
4677,183
4681,252
4683,164
4684,100
4685,201
4689,180
4689,109
4690,249
4690,237
4691,198
4692,146
4693,77
4693,276
4694,1
4694,207
4695,112
4695,80
4696,236
4696,105
4697,11
4697,231
4698,193
4699,168
4699,21
4702,203
4704,31
4704,199
4705,60
4705,15
4706,162
4706,249
4707,103
4707,77
4710,109
4711,119
4712,45
4712,136
4714,120
4719,205
4719,30
4720,284
4720,129
4721,280
4722,188
4723,233
4723,58
4724,58
4724,185
4725,181
4727,113
4728,20
4729,117
4729,123
4731,224
4731,216
4735,182
4737,276
4737,171
4738,76
4738,169
4739,261
4740,227
4740,284
4742,181
4742,258
4744,42
4744,203
4746,148
4746,137
4747,241
4748,129
4750,240
4750,138
4751,132
4751,276
4752,238
4752,263
4754,137
4754,299
4756,78
4756,135
4757,63
4757,22
4758,117
4758,144
4759,198
4759,244
4761,25
4762,294
4762,38
4763,262
4763,70
4764,290
4764,145
4765,95
4765,93
4766,85
4766,187
4767,2
4768,4
4769,91
4770,95
4770,167
4771,206
4771,204
4772,21
4773,60
4773,172
4774,170
4775,97
4776,237
4776,163
4777,185
4779,298
4779,107
4780,236
4781,184
4781,240
4783,199
4786,17
4787,17
4787,69
4788,73
4788,112
4789,210
4791,106
4791,218
4792,248
4792,154
4793,226
4794,26
4794,127
4795,169
4796,88
4797,223
4797,55
4798,233
4798,74
4799,286
4800,184
4801,176
4801,185
4802,67
4804,172
4804,17
4806,116
4806,3
4807,268
4807,226
4808,38
4808,40
4809,103
4809,157
4810,194
4810,148
4815,291
4816,111
4816,29
4818,258
4818,70
4820,268
4821,84
4822,220
4824,109
4825,291
4826,295
4832,56
4832,268
4835,249
4835,185
4836,45
4836,56
4837,4
4837,255
4838,88
4839,71
4841,210
4841,280
4843,210
4844,246
4845,282
4846,110
4851,263
4852,38
4852,83
4853,100
4853,236
4854,73
4854,222
4855,23
4855,256
4857,100
4857,236
4858,38
4858,251
4859,187
4860,230
4861,271
4863,110
4864,298
4865,215
4866,141
4869,3
4872,139
4875,277
4876,40
4878,93
4879,19
4879,279
4881,74
4881,21
4882,60
4885,24
4887,46
4887,31
4889,225
4889,204
4890,285
4892,45
4893,51
4894,8
4897,160
4897,59
4898,169
4901,250
4902,39
4904,283
4906,37
4907,21
4908,197
4909,279
4910,257
4911,126
4912,162
4912,288
4914,100
4914,141
4915,225
4916,275
4916,215
4917,62
4919,41
4920,219
4921,97
4922,3
4922,56
4923,50
4923,218
4924,113
4925,297
4925,8
4928,48
4928,174
4929,103
4929,52
4930,40
4930,170
4931,4
4931,58
4932,64
4932,211
4933,20
4936,41
4936,85
4937,86
4938,294
4941,151
4941,259
4942,248
4943,235
4944,48
4947,28
4948,252
4949,117
4950,224
4951,13
4953,139
4953,296
4954,50
4954,195
4955,295
4955,62
4956,25
4956,289
4957,108
4958,110
4959,242
4959,149
4960,110
4960,103
4961,39
4961,296
4963,202
4963,214
4964,124
4966,77
4966,268
4967,245
4971,69
4971,189
4972,93
4972,183
4973,196
4974,125
4974,258
4975,292
4976,248
4977,36
4977,273
4978,121
4979,238
4979,104
4980,64
4980,216
4981,287
4981,75
4982,187
4982,82
4983,58
4983,104
4984,35
4985,58
4986,232
4987,197
4988,112
4990,221
4993,112
4993,98
4994,86
4995,52
4996,79
4996,280
4997,200
4997,121
4998,104
4998,18
4999,218
4999,1
5000,213
